<?xml version="1.0" encoding="UTF-8"?>
<project-private xmlns="http://www.netbeans.org/ns/project-private/1">
    <editor-bookmarks xmlns="http://www.netbeans.org/ns/editor-bookmarks/2" lastBookmarkId="0"/>
    <open-files xmlns="http://www.netbeans.org/ns/projectui-open-files/2">
        <group>
            <file>file:/home/linux/Documents/JavaApplication14%20(copy)/src/newpackage/ATM.java</file>
            <file>file:/home/linux/Documents/JavaApplication14%20(copy)/src/newpackage/Transfer.java</file>
            <file>file:/home/linux/Documents/JavaApplication14%20(copy)/src/newpackage/Withdrawal.java</file>
            <file>file:/home/linux/Documents/JavaApplication14%20(copy)/src/newpackage/Main.java</file>
            <file>file:/home/linux/Documents/JavaApplication14%20(copy)/src/newpackage/BalanceInquiry.java</file>
            <file>file:/home/linux/Documents/JavaApplication14%20(copy)/src/newpackage/Screen.java</file>
        </group>
    </open-files>
</project-private>
